-- phpMyAdmin SQL Dump
-- version 5.2.1
-- https://www.phpmyadmin.net/
--
-- Host: 127.0.0.1
-- Generation Time: Apr 26, 2024 at 07:59 AM
-- Server version: 10.4.32-MariaDB
-- PHP Version: 8.2.12

SET SQL_MODE = "NO_AUTO_VALUE_ON_ZERO";
START TRANSACTION;
SET time_zone = "+00:00";


/*!40101 SET @OLD_CHARACTER_SET_CLIENT=@@CHARACTER_SET_CLIENT */;
/*!40101 SET @OLD_CHARACTER_SET_RESULTS=@@CHARACTER_SET_RESULTS */;
/*!40101 SET @OLD_COLLATION_CONNECTION=@@COLLATION_CONNECTION */;
/*!40101 SET NAMES utf8mb4 */;

--
-- Database: `kasirkun`
--

-- --------------------------------------------------------

--
-- Table structure for table `detailpesanan`
--

CREATE TABLE `detailpesanan` (
  `iddetailpesanan` int(11) NOT NULL,
  `idpesanan` int(11) NOT NULL,
  `idproduk` int(11) NOT NULL,
  `qty` int(11) NOT NULL
) ENGINE=InnoDB DEFAULT CHARSET=utf8mb4 COLLATE=utf8mb4_general_ci;

--
-- Dumping data for table `detailpesanan`
--

INSERT INTO `detailpesanan` (`iddetailpesanan`, `idpesanan`, `idproduk`, `qty`) VALUES
(4, 2021000002, 7, 1),
(7, 2021000002, 2, 10),
(8, 2021000002, 3, 1),
(9, 2021000004, 1, 1),
(10, 2021000007, 2, 5);

-- --------------------------------------------------------

--
-- Table structure for table `masuk`
--

CREATE TABLE `masuk` (
  `idmasuk` int(11) NOT NULL,
  `idproduk` int(11) NOT NULL,
  `qty` int(11) NOT NULL,
  `tanggalmasuk` timestamp NOT NULL DEFAULT current_timestamp()
) ENGINE=InnoDB DEFAULT CHARSET=utf8mb4 COLLATE=utf8mb4_general_ci;

--
-- Dumping data for table `masuk`
--

INSERT INTO `masuk` (`idmasuk`, `idproduk`, `qty`, `tanggalmasuk`) VALUES
(1, 1, 150, '2024-04-24 14:15:46'),
(2, 2, 15, '2024-04-24 14:55:30'),
(3, 7, 150, '2024-04-24 17:20:36');

-- --------------------------------------------------------

--
-- Table structure for table `pelanggan`
--

CREATE TABLE `pelanggan` (
  `idpelanggan` int(11) NOT NULL,
  `namapelanggan` varchar(30) NOT NULL,
  `notelp` varchar(15) NOT NULL,
  `alamat` text NOT NULL
) ENGINE=InnoDB DEFAULT CHARSET=utf8mb4 COLLATE=utf8mb4_general_ci;

--
-- Dumping data for table `pelanggan`
--

INSERT INTO `pelanggan` (`idpelanggan`, `namapelanggan`, `notelp`, `alamat`) VALUES
(1, 'Arga Budi Kasihan', '0812345678', 'Ngawi Hideng'),
(2, 'Tamskuy', '0823456789', 'Tangsel'),
(3, 'Alfirgiawan Rasikh', '088213332', 'Bolivia'),
(4, 'Dapuy', '08811223344', 'Korea'),
(7, 'Firaz', '78996669', 'depok');

-- --------------------------------------------------------

--
-- Table structure for table `pesanan`
--

CREATE TABLE `pesanan` (
  `idorder` int(11) NOT NULL,
  `tanggal` timestamp NOT NULL DEFAULT current_timestamp() ON UPDATE current_timestamp(),
  `idpelanggan` int(11) NOT NULL
) ENGINE=InnoDB DEFAULT CHARSET=utf8mb4 COLLATE=utf8mb4_general_ci;

--
-- Dumping data for table `pesanan`
--

INSERT INTO `pesanan` (`idorder`, `tanggal`, `idpelanggan`) VALUES
(2021000002, '2024-04-23 09:44:48', 1),
(2021000004, '2024-04-24 18:31:29', 3),
(2021000005, '2024-04-24 18:37:04', 2),
(2021000006, '2024-04-24 18:37:08', 4),
(2021000007, '2024-04-25 11:56:45', 7);

-- --------------------------------------------------------

--
-- Table structure for table `produk`
--

CREATE TABLE `produk` (
  `idproduk` int(11) NOT NULL,
  `namaproduk` varchar(20) NOT NULL,
  `deskripsi` varchar(30) NOT NULL,
  `harga` int(11) NOT NULL,
  `stock` int(11) NOT NULL
) ENGINE=InnoDB DEFAULT CHARSET=utf8mb4 COLLATE=utf8mb4_general_ci;

--
-- Dumping data for table `produk`
--

INSERT INTO `produk` (`idproduk`, `namaproduk`, `deskripsi`, `harga`, `stock`) VALUES
(1, 'Buku Komik', 'AOT', 150000, 50),
(2, 'Pensil', 'Bagus', 100000, 10),
(3, 'Gelas', 'Uniqlo', 50000, 5),
(7, 'Odol', 'Pepsodent', 7000, 50),
(8, 'Buku', 'IPA', 20000, 100);

-- --------------------------------------------------------

--
-- Table structure for table `user`
--

CREATE TABLE `user` (
  `iduser` int(11) NOT NULL,
  `username` varchar(35) NOT NULL,
  `password` varchar(20) NOT NULL
) ENGINE=InnoDB DEFAULT CHARSET=utf8mb4 COLLATE=utf8mb4_general_ci;

--
-- Dumping data for table `user`
--

INSERT INTO `user` (`iduser`, `username`, `password`) VALUES
(1, 'admin', 'admin');

--
-- Indexes for dumped tables
--

--
-- Indexes for table `detailpesanan`
--
ALTER TABLE `detailpesanan`
  ADD PRIMARY KEY (`iddetailpesanan`);

--
-- Indexes for table `masuk`
--
ALTER TABLE `masuk`
  ADD PRIMARY KEY (`idmasuk`);

--
-- Indexes for table `pelanggan`
--
ALTER TABLE `pelanggan`
  ADD PRIMARY KEY (`idpelanggan`);

--
-- Indexes for table `pesanan`
--
ALTER TABLE `pesanan`
  ADD PRIMARY KEY (`idorder`);

--
-- Indexes for table `produk`
--
ALTER TABLE `produk`
  ADD PRIMARY KEY (`idproduk`);

--
-- Indexes for table `user`
--
ALTER TABLE `user`
  ADD PRIMARY KEY (`iduser`);

--
-- AUTO_INCREMENT for dumped tables
--

--
-- AUTO_INCREMENT for table `detailpesanan`
--
ALTER TABLE `detailpesanan`
  MODIFY `iddetailpesanan` int(11) NOT NULL AUTO_INCREMENT, AUTO_INCREMENT=11;

--
-- AUTO_INCREMENT for table `masuk`
--
ALTER TABLE `masuk`
  MODIFY `idmasuk` int(11) NOT NULL AUTO_INCREMENT, AUTO_INCREMENT=5;

--
-- AUTO_INCREMENT for table `pelanggan`
--
ALTER TABLE `pelanggan`
  MODIFY `idpelanggan` int(11) NOT NULL AUTO_INCREMENT, AUTO_INCREMENT=8;

--
-- AUTO_INCREMENT for table `pesanan`
--
ALTER TABLE `pesanan`
  MODIFY `idorder` int(11) NOT NULL AUTO_INCREMENT, AUTO_INCREMENT=2021000008;

--
-- AUTO_INCREMENT for table `produk`
--
ALTER TABLE `produk`
  MODIFY `idproduk` int(11) NOT NULL AUTO_INCREMENT, AUTO_INCREMENT=12;

--
-- AUTO_INCREMENT for table `user`
--
ALTER TABLE `user`
  MODIFY `iduser` int(11) NOT NULL AUTO_INCREMENT, AUTO_INCREMENT=2;
COMMIT;

/*!40101 SET CHARACTER_SET_CLIENT=@OLD_CHARACTER_SET_CLIENT */;
/*!40101 SET CHARACTER_SET_RESULTS=@OLD_CHARACTER_SET_RESULTS */;
/*!40101 SET COLLATION_CONNECTION=@OLD_COLLATION_CONNECTION */;
